id;country_id;channel_id;brand_id;email;email_hash;email_verified;country_number;mobile_number;mobile_number_hash;mobile_number_verified;password;change_password;last_update_password;retry_to_login;fullname;fullname_change;gender;date_of_birth;photo;is_active;is_delete;is_suspend;is_blocked;is_2_fa;google_2_fa_secret;otp_number;otp_status;otp_expired_date;created_at;created_by;updated_at;updated_by;last_login_at;source_from
1;5575;26130;1842;Mortimer33@hotmail.com;troubled huzzah yet;true;jagged vengeful;indeed that;who;true;parsnip;true;2025-03-26T17:24:02;false;knowingly;vacantly;as provided;2025-03-26;regularly regarding however;false;false;true;true;false;phew whenever along;extract;false;2025-03-26T09:38:31;2025-03-27T03:18:13;20552;19442;19718;2025-03-26T10:51:26;when
2;22933;19128;8279;Katelin.Will@yahoo.com;terrorise;true;syringe;why whoever adventurously;excluding gruesome questionable;false;potable;true;2025-03-26T17:31:39;true;voluntarily;wretched out except;gee;2025-03-26;whose only;true;true;true;false;false;urgently;legging;true;2025-03-27T05:58:15;2025-03-27T08:04:16;15006;1156;18870;2025-03-27T05:11:50;ragged substantiate
3;25188;1361;13825;Melvin.Renner26@hotmail.com;gosh unless since;false;while throughout;any wherever now;spew ostrich swath;true;rarely joyfully;false;2025-03-26T14:36:25;true;overproduce;mismatch swear oh;phooey absent qua;2025-03-27;glorious thorn so;true;false;true;true;false;scope divert hunt;honestly inquisitively darn;true;2025-03-26T19:17:55;2025-03-27T03:48:47;29645;15833;21799;2025-03-27T08:51:02;sadly known stylish
4;30268;19897;7148;Zelma_Wiza-Hoppe@gmail.com;boohoo;true;what;bah what whose;phrase representation duh;true;fuel husk absent;false;2025-03-26T16:57:41;true;quirkily scoff and;pish emboss elevation;regular psst;2025-03-26;kinase gee hospitalization;true;false;false;true;false;geez;typify swine;true;2025-03-26T20:39:10;2025-03-26T17:57:51;17756;13375;32040;2025-03-27T03:58:43;huzzah
5;15583;22515;8116;Gavin.Gutmann@gmail.com;cheap;false;reference;actually nimble;yowza;true;where very;false;2025-03-27T01:55:29;true;likewise keenly;sway remand;except;2025-03-27;hence ugh;true;true;false;false;false;yippee management;instead how merrily;false;2025-03-26T22:52:10;2025-03-26T10:51:06;15819;19560;20988;2025-03-26T23:49:15;hype
6;27247;25512;440;Beau13@gmail.com;enormously unless gadzooks;true;common;untidy;phooey and following;true;yahoo er reconstitute;true;2025-03-26T16:27:32;true;bah;wholly viability up;emulsify other aha;2025-03-27;leading where;true;true;true;true;true;dearly;while ick yuck;true;2025-03-26T18:53:23;2025-03-27T05:10:33;22143;8721;27603;2025-03-27T05:53:56;likewise scary amused
7;17413;19927;843;Jed_Tromp41@hotmail.com;cross;true;soon across;although if moor;mediocre absolve dependent;true;almost unexpectedly nightlife;true;2025-03-27T09:27:14;true;swine;incidentally fatherly;blah cumbersome whose;2025-03-26;out;false;false;true;true;false;stiff;embarrassment sad;true;2025-03-26T15:29:45;2025-03-27T07:41:41;15209;11723;29403;2025-03-26T17:26:57;fully
8;29127;19126;13162;Corbin19@hotmail.com;sense psst;true;task brochure;hourly as;without;false;westernize outdo;true;2025-03-27T06:04:47;false;once;on mid;ha legging;2025-03-27;schedule;false;true;true;false;false;mesh notwithstanding;properly;false;2025-03-27T02:22:21;2025-03-27T06:42:49;28140;2545;27413;2025-03-27T09:26:50;boohoo considering boo
9;24890;8199;7577;Brando.Kozey45@hotmail.com;despite;false;whoa stormy yet;both;instead;true;neatly bidet;true;2025-03-26T22:51:13;false;rebound where;because while decide;inasmuch specific;2025-03-26;drat huzzah bidet;false;true;false;true;false;fleck evenly turbulent;hastily below;false;2025-03-27T03:56:42;2025-03-27T05:44:11;23826;17199;6795;2025-03-27T01:14:22;however record whoever
10;23037;849;30865;Marcelino_Armstrong@yahoo.com;meanwhile;false;finally whoever;partially;drat ick;false;trick waltz digitize;true;2025-03-26T12:30:29;true;up;off orchid even;whoa;2025-03-26;duh;true;true;true;false;true;unfit;almost;false;2025-03-27T08:46:07;2025-03-27T05:57:16;18648;2633;12652;2025-03-27T03:36:16;qua
